日付,未登録,登録済み,表示回数
2026-01-17,10380,4542,53
2026-01-18,10282,4530,93
2026-01-19,10282,4530,156
2026-01-20,10282,4530,163
2026-01-21,10290,4504,185
2026-01-22,10290,4504,213
2026-01-23,10290,4504,81
2026-01-24,10290,4504,111
2026-01-25,10388,4388,157
2026-01-26,10388,4388,130
2026-01-27,10388,4388,130
2026-01-28,10456,4336,113
2026-01-29,10456,4336,104
2026-01-30,10456,4336,66
2026-01-31,10456,4336,61
2026-02-01,10463,4339,118
2026-02-02,10463,4339,137
2026-02-03,10463,4339,206
2026-02-04,10479,4273,97
2026-02-05,10479,4273,190
2026-02-06,10479,4273,89
2026-02-07,10479,4273,59
2026-02-08,10482,4209,86
2026-02-09,10482,4209,100
2026-02-10,10482,4209,70
2026-02-11,10589,4085,126
2026-02-12,10589,4085,96
2026-02-13,10589,4085,122
2026-02-14,10589,4085,38
2026-02-15,10674,3999,68
2026-02-16,10674,3999,86
2026-02-17,10674,3999,81
2026-02-18,10632,3512,96
2026-02-19,10632,3512,87
2026-02-20,10632,3512,71
2026-02-21,10632,3512,35
2026-02-22,11634,3272,26
2026-02-23,11634,3272,71
2026-02-24,11634,3272,72
2026-02-25,13119,2259,68
2026-02-26,13119,2259,148
2026-02-27,13119,2259,57
2026-02-28,13119,2259,68
2026-03-01,13119,2259,93
2026-03-02,13119,2259,119
2026-03-03,13119,2259,95
2026-03-04,13417,1945,181
2026-03-05,13417,1945,405
2026-03-06,13417,1945,130
2026-03-07,13417,1945,156
2026-03-08,13538,1790,76
2026-03-09,13538,1790,347
2026-03-10,13538,1790,245
2026-03-11,13708,1910,122
2026-03-12,13708,1910,170
2026-03-13,13708,1910,142
2026-03-14,13708,1910,138
2026-03-15,13708,1910,153
2026-03-16,13711,2104,128
2026-03-17,13711,2104,200
2026-03-18,15898,2217,173
2026-03-19,15898,2217,797
2026-03-20,15898,2217,270
2026-03-21,15898,2217,260
2026-03-22,15853,2327,288
2026-03-23,15853,2327,457
2026-03-24,15853,2327,464
2026-03-25,15970,2245,652
2026-03-26,15970,2245,900
2026-03-27,15970,2245,387
2026-03-28,15970,2245,459
2026-03-29,16190,2090,467
2026-03-30,16190,2090,464
2026-03-31,16190,2090,322
2026-04-01,16324,1992,305
2026-04-02,16324,1992,404
2026-04-03,16324,1992,324
2026-04-04,16324,1992,265
2026-04-05,16384,1933,317
2026-04-06,16384,1933,680
2026-04-07,16552,1808,337
2026-04-08,16552,1808,195
2026-04-09,16552,1808,905
2026-04-10,16552,1808,399
2026-04-11,16628,1860,413
2026-04-12,16628,1860,436
2026-04-13,16628,1860,448