日付,該当ページ
2026-05-08,7059
2026-05-09,7170
2026-05-10,7170
2026-05-11,7170
2026-05-12,7631
2026-05-13,7631
2026-05-14,7631
2026-05-15,7631
2026-05-16,7625
2026-05-17,7625
2026-05-18,7625
2026-05-19,7616
2026-05-20,7616
2026-05-21,7616
2026-05-22,7616
2026-05-23,7610
2026-05-24,7610
2026-05-25,7610
2026-05-26,7595
2026-05-27,7595
2026-05-28,7595
2026-05-29,7595
2026-05-30,7612
2026-05-31,7612
2026-06-01,7612
2026-06-02,8243
2026-06-03,8243
2026-06-04,8243
2026-06-05,8243
2026-06-06,8265
2026-06-07,8265
2026-06-08,8265
2026-06-09,8378
2026-06-10,8378
2026-06-11,8378
2026-06-12,8378
2026-06-13,7462
2026-06-14,7462
2026-06-15,7462
2026-06-16,7462
2026-06-17,7462
2026-06-18,7462
2026-06-19,7462
2026-06-20,7462
2026-06-21,7462
2026-06-22,7462
2026-06-23,7462
2026-06-24,7462
2026-06-25,7462
2026-06-26,7462
2026-06-27,7462
2026-06-28,7462
2026-06-29,7462
2026-06-30,7462
2026-07-01,7344
2026-07-02,7344
2026-07-03,7344
2026-07-04,7344
2026-07-05,7344
2026-07-06,7344
2026-07-07,7344
2026-07-08,7344
2026-07-09,7344
2026-07-10,7344
2026-07-11,8110
2026-07-12,8110
2026-07-13,8110
2026-07-14,8110
2026-07-15,8110
2026-07-16,8110
2026-07-17,8110
2026-07-18,8110
2026-07-19,8110
2026-07-20,8110
2026-07-21,8110
2026-07-22,8110
2026-07-23,8110
2026-07-24,8110
