eventName,eventCount,totalUsers
page_view,43907,16449
session_start,19477,16592
affiliate_impression,19084,6514
first_visit,16226,16290
ranking_view,14397,8612
user_engagement,14369,11085
read_progress,12616,3579
scroll,5786,4580
nav_click,4643,1278
home_featured_impression,2424,490
year_change,972,170
search,814,93
ui_interaction,759,163
form_start,364,191
rail_click,305,117
form_submit,303,98
click,301,237
file_download,267,188
view_search_results,142,72
search_result_click,105,27
geo_analysis_view,64,36
home_featured_click,58,51
affiliate_click,29,25
csv_download_purpose,29,26
geo_region_select,23,8
share,20,14
geo_map_interaction,12,4
cta_click,4,4
page_not_found,2,2
