eventName,landingPage,contentGroup,eventCount
file_download,/,(not set),20
file_download,/ranking/rice-consumption-quantity,(not set),14
file_download,/ranking/annual-sunshine-duration,(not set),11
file_download,/ranking/sleep-avg-time-female,(not set),9
file_download,/blog/noodle-consumption-prefecture-character,(not set),8
file_download,/ranking/business-opening-rate,(not set),6
file_download,/ranking/convenience-store-count-commercial,(not set),6
file_download,/blog/manufacturing-aichi-dominance,(not set),5
file_download,/category/socialsecurity,(not set),5
file_download,/ranking/individual-evacuation-plan-coverage-rate,(not set),5
file_download,/ranking/sleep-avg-time-male,(not set),5
file_download,/ranking/autolock-apartment-rate,(not set),4
file_download,/ranking/cut-flowers-consumption-expenditure,(not set),4
file_download,/ranking/elementary-school-children-count,(not set),4
file_download,/ranking/inbound-visitors-by-destination,(not set),4
affiliate_click,/blog/academic-achievement-test-prefecture-ranking,(not set),3
affiliate_click,/ranking/rice-cracker-consumption-expenditure,(not set),3
file_download,/blog/alcohol-prefecture-map,(not set),3
file_download,/blog/household-spending-prefecture-gap,(not set),3
file_download,/ranking/coffee-consumption-quantity,(not set),3
file_download,/ranking/consumption-expenditure-multi-person-households-per-month,(not set),3
file_download,/ranking/forestry-mushroom-output-value,(not set),3
file_download,/ranking/fresh-udon-soba-consumption-quantity,(not set),3
file_download,/ranking/inbound-travel-consumption-by-destination,(not set),3
affiliate_click,/blog/automotive-industry-transformation-map,(not set),2
affiliate_click,/blog/local-government-debt-burden,(not set),2
affiliate_click,/blog/noodle-consumption-prefecture-character,(not set),2
affiliate_click,/blog/rice-harvest-volume-prefecture-gap,(not set),2
affiliate_click,/municipalities/ranking/manufacturing-shipment-amount,(not set),2
affiliate_click,/ranking/rice-consumption-quantity,(not set),2
file_download,(not set),(not set),2
file_download,/areas/29000/health-checkups,(not set),2
file_download,/blog/frozen-gyoza-spending-prefecture-gap,(not set),2
file_download,/blog/local-finance-theme-overview,(not set),2
file_download,/blog/local-government-debt-burden,(not set),2
file_download,/blog/unemployment-structure,(not set),2
file_download,/category/energy,(not set),2
file_download,/ranking,(not set),2
file_download,/ranking/abortion-rate,(not set),2
file_download,/ranking/ambulance-hospital-arrival-time,(not set),2
file_download,/ranking/annual-precipitation,(not set),2
file_download,/ranking/apple-consumption-quantity,(not set),2
file_download,/ranking/bread-consumption-expenditure,(not set),2
file_download,/ranking/dual-income-household-ratio,(not set),2
file_download,/ranking/health-checkup-breakfast-skipping-rate,(not set),2
file_download,/ranking/local-allocation-tax-prefecture,(not set),2
file_download,/ranking/manufacturing-shipment-amount,(not set),2
file_download,/ranking/mineral-water-consumption-expenditure,(not set),2
file_download,/ranking/natto-consumption-expenditure,(not set),2
file_download,/ranking/prefectural-manager-female-share,(not set),2
file_download,/ranking/specific-health-checkup-participation-rate,(not set),2
file_download,/ranking/tuna-consumption-quantity,(not set),2
file_download,/ranking/wakame-consumption-quantity,(not set),2
file_download,/survey/agricultural-income-statistics,(not set),2
affiliate_click,/areas/29000,(not set),1
affiliate_click,/areas/36000/cities/36302,(not set),1
affiliate_click,/areas/44000/cities/44205,(not set),1
affiliate_click,/blog/bonito-catch-prefecture,(not set),1
affiliate_click,/blog/chocolate-expenditure-ranking,(not set),1
affiliate_click,/blog/fiscal-self-reliance-gap,(not set),1
affiliate_click,/blog/foreign-residents-diversity-map,(not set),1
affiliate_click,/blog/manufacturing-productivity,(not set),1
affiliate_click,/ranking/salmon-consumption-quantity,(not set),1
affiliate_click,/ranking/sausage-consumption-quantity,(not set),1
affiliate_click,/survey/prefectural-accounts,(not set),1
cta_click,/,(not set),1
cta_click,/areas/03000,(not set),1
cta_click,/ranking/avg-height-high-school-2nd-male,(not set),1
cta_click,/survey/prefectural-accounts,(not set),1
file_download,/about,(not set),1
file_download,/areas/03000/health-checkups,(not set),1
file_download,/areas/11000/single-parent-households,(not set),1
file_download,/areas/16000/environmental-quality,(not set),1
file_download,/areas/20000/agriculture-production,(not set),1
file_download,/areas/33000/landslide-exposure,(not set),1
file_download,/blog/annual-precipitation-rainy-season-gap,(not set),1
file_download,/blog/curry-roux-consumption-gap,(not set),1
file_download,/blog/divorces-per-total-population,(not set),1
file_download,/blog/engel-coefficient-prefecture-ranking,(not set),1
file_download,/blog/fiscal-self-reliance-gap,(not set),1
file_download,/blog/inbound-overnight-guests-prefecture,(not set),1
file_download,/blog/middle-school-height-east-west-puzzle,(not set),1
file_download,/blog/necktie-stockings-market-shrink,(not set),1
file_download,/blog/nursing-care-shortage-2040,(not set),1
file_download,/blog/railway-station-count-prefecture-gap,(not set),1
file_download,/blog/real-income-taxpayer,(not set),1
file_download,/blog/sports-urban-paradox,(not set),1
file_download,/blog/sushi-dining-consumption-expenditure,(not set),1
file_download,/blog/tuna-consumption-quantity-vs-sex-ratio-total,(not set),1
file_download,/blog/white-bread-consumption-quantity-prefecture-gap,(not set),1
file_download,/geo,(not set),1
file_download,/ranking/academic-achievement-test-average-rate,(not set),1
file_download,/ranking/air-freshener-consumption-expenditure,(not set),1
file_download,/ranking/avg-height-high-school-2nd-male,(not set),1
file_download,/ranking/avg-propensity-to-consume-worker-households,(not set),1
file_download,/ranking/bonito-consumption-quantity,(not set),1
file_download,/ranking/cake-consumption-expenditure,(not set),1
file_download,/ranking/cooking-oil-consumption-quantity,(not set),1
file_download,/ranking/cultivated-land-area-ratio,(not set),1
file_download,/ranking/cup-noodles-consumption-quantity,(not set),1
file_download,/ranking/deaths-hypertensive-diseases-per-100k,(not set),1
file_download,/ranking/dental-hygienist-rate,(not set),1
file_download,/ranking/dental-technician-rate,(not set),1
file_download,/ranking/designated-difficult-disease,(not set),1
file_download,/ranking/dining-out-consumption-expenditure,(not set),1
file_download,/ranking/dried-shiitake-consumption-quantity,(not set),1
file_download,/ranking/drinking-out-consumption-expenditure,(not set),1
file_download,/ranking/electricity-consumption-quantity,(not set),1
file_download,/ranking/employed-people-ratio-tertiary,(not set),1
file_download,/ranking/final-education-university-graduate-school-ratio,(not set),1
file_download,/ranking/food-manufacturing-shipment-amount,(not set),1
file_download,/ranking/future-population,(not set),1
file_download,/ranking/habitable-area,(not set),1
file_download,/ranking/habitable-area-ratio,(not set),1
file_download,/ranking/hamburger-consumption-expenditure,(not set),1
file_download,/ranking/healthcare-cost-all-households,(not set),1
file_download,/ranking/hobby-participation-rate-music-listening,(not set),1
file_download,/ranking/hobby-participation-rate-pachinko,(not set),1
file_download,/ranking/hobby-participation-rate-sports-spectating,(not set),1
file_download,/ranking/home-ownership-rate-kakei,(not set),1
file_download,/ranking/icecream-consumption-expenditure,(not set),1
file_download,/ranking/inbound-visit-sample-by-destination,(not set),1
file_download,/ranking/k6-score10plus-estimated-persons-12plus,(not set),1
file_download,/ranking/kerosene-consumption-quantity,(not set),1
file_download,/ranking/local-tax-prefecture,(not set),1
file_download,/ranking/long-term-care-certified-persons,(not set),1
file_download,/ranking/mandarin-consumption-quantity,(not set),1
file_download,/ranking/manufacturing-industry-added-value,(not set),1
file_download,/ranking/meal-avg-time-male,(not set),1
file_download,/ranking/medical-physicians-pediatrics,(not set),1
file_download,/ranking/mental-health-application,(not set),1
file_download,/ranking/national-treasury-disbursement-prefecture,(not set),1
file_download,/ranking/octopus-consumption-quantity,(not set),1
file_download,/ranking/onion-consumption-quantity,(not set),1
file_download,/ranking/other-processed-meat-consumption-expenditure,(not set),1
file_download,/ranking/police-officer-count,(not set),1
file_download,/ranking/population-growth-rate,(not set),1
file_download,/ranking/prefectural-assembly-female-share,(not set),1
file_download,/ranking/propane-gas-consumption-quantity,(not set),1
file_download,/ranking/public-general-hospital-ratio,(not set),1
file_download,/ranking/railway-station-count,(not set),1
file_download,/ranking/registered-museum-visitors,(not set),1
file_download,/ranking/rice-cracker-consumption-expenditure,(not set),1
file_download,/ranking/roadside-station-count,(not set),1
file_download,/ranking/roundwood-hinoki-production-volume,(not set),1
file_download,/ranking/sauce-consumption-quantity,(not set),1
file_download,/ranking/saury-consumption-quantity,(not set),1
file_download,/ranking/sawnwood-shipment-volume,(not set),1
file_download,/ranking/sports-participation-rate-swimming,(not set),1
file_download,/ranking/taro-consumption-quantity,(not set),1
file_download,/ranking/tofu-consumption-expenditure,(not set),1
file_download,/ranking/total-overnight-guests,(not set),1
file_download,/ranking/total-population,(not set),1
file_download,/ranking/treatment-rate-diabetes-outpatient,(not set),1
file_download,/ranking/treatment-rate-hypertension-outpatient,(not set),1
file_download,/ranking/water-supply-population,(not set),1
file_download,/search,(not set),1
