from_section,to_section,pageViews
ranking,ranking,2597
municipalities,municipalities,1490
blog,ranking,785
ranking,category,755
category,ranking,719
areas,areas,429
ranking,blog,407
areas,ranking,297
ranking,areas,281
search,ranking,271
ranking,search,251
themes,themes,227
category,category,221
ranking,home,205
blog,blog,187
home,ranking,179
survey,ranking,119
municipalities,areas,117
category,areas,103
home,areas,102
ranking,survey,97
home,category,93
areas,themes,92
geo,geo,91
search,search,85
areas,municipalities,81
themes,areas,71
search,blog,56
areas,home,55
blog,home,55
municipalities,themes,54
themes,ranking,51
blog,search,50
areas,category,48
blog,category,41
category,blog,41
home,blog,39
ranking,themes,39
home,search,38
ranking,municipalities,35
areas,survey,34
blog,areas,31
category,home,31
themes,municipalities,30
category,survey,27
home,themes,25
municipalities,ranking,24
category,search,23
themes,home,23
areas,blog,22
municipalities,geo,21
municipalities,home,20
blog,geo,19
blog,tag,19
japan,japan,18
ranking,geo,18
survey,areas,18
municipalities,japan,17
tag,blog,16
areas,geo,15
search,home,15
geo,blog,14
japan,municipalities,14
survey,category,14
survey,themes,14
geo,areas,13
geo,ranking,13
home,about,13
home,municipalities,13
home,survey,11
about,ranking,10
areas,search,9
geo,home,9
survey,blog,9
category,municipalities,8
category,tag,8
themes,survey,8
blog,about,7
blog,survey,7
themes,japan,7
ranking,about,6
survey,survey,6
about,home,5
geo,municipalities,5
themes,search,5
municipalities,blog,4
search,category,4
search,themes,4
about,blog,3
blog,themes,3
geo,themes,3
japan,category,3
search,survey,3
survey,home,3
themes,category,3
about,category,2
about,terms,2
category,about,2
geo,category,2
home,geo,2
japan,themes,2
municipalities,search,2
search,areas,2
search,japan,2
search,municipalities,2
tag,category,2
tag,ranking,2
terms,ranking,2
themes,geo,2
about,about,1
about,areas,1
about,privacy,1
about,search,1
areas,about,1
blog,municipalities,1
category,geo,1
category,terms,1
category,themes,1
geo,search,1
home,home,1
home,terms,1
japan,home,1
japan,ranking,1
japan,search,1
municipalities,category,1
products,home,1
ranking,japan,1
ranking,products,1
ranking,terms,1
search,geo,1
survey,municipalities,1
survey,search,1
tag,home,1
terms,category,1
terms,privacy,1
themes,blog,1
