pagePath,progress,eventCount
/ranking/banana-consumption-quantity,25,8
/blog/health-life-expectancy-structure,25,6
/blog/local-government-debt-burden,25,6
/category/agriculture,25,5
/ranking/banana-consumption-quantity,50,5
/ranking/icecream-consumption-expenditure,25,5
/ranking/rice-consumption-quantity,25,5
/,25,4
/blog/bonito-catch-prefecture,25,4
/blog/livable-prefecture-composite-ranking,25,4
/blog/local-government-debt-burden,50,4
/category/agriculture,50,4
/municipalities/ranking/manufacturing-shipment-amount,25,4
/ranking/avg-height-high-school-2nd-male,25,4
/ranking/cup-noodles-consumption-expenditure,25,4
/ranking/school-teacher-annual-income,25,4
/ranking/soba-udon-dining-consumption-expenditure,25,4
/survey/fishery-aquaculture-production,25,4
/survey/fishery-aquaculture-production,50,4
/blog/childcare-friendly-prefecture-ranking,25,3
/blog/health-life-expectancy-structure,50,3
/blog/health-life-expectancy-structure,75,3
/blog/noodle-consumption-prefecture-character,25,3
/ranking/annual-sunshine-duration,25,3
/ranking/apple-consumption-quantity,25,3
/ranking/avg-height-high-school-2nd-male,50,3
/ranking/cup-noodles-consumption-expenditure,50,3
/ranking/home-ownership-rate-kakei,25,3
/ranking/home-ownership-rate-kakei,50,3
/ranking/icecream-consumption-expenditure,50,3
/ranking/rice-consumption-quantity,50,3
/search,25,3
/themes,25,3
/,50,2
/,75,2
/areas,25,2
/areas,50,2
/areas/27000,25,2
/areas/27000,50,2
/areas/27000,75,2
/blog/academic-achievement-test-prefecture-ranking,25,2
/blog/foreign-residents-diversity-map,25,2
/blog/home-ownership-rate-ranking,25,2
/blog/household-spending-prefecture-gap,25,2
/blog/households-on-public-assistance-per-1000-prefecture-gap,25,2
/blog/livable-prefecture-composite-ranking,50,2
/blog/livable-prefecture-composite-ranking,75,2
/blog/local-government-debt-burden,75,2
/blog/noodle-consumption-prefecture-character,50,2
/blog/noodle-consumption-prefecture-character,75,2
/blog/police-officer-density-vs-crime-gap,100,2
/blog/police-officer-density-vs-crime-gap,25,2
/blog/police-officer-density-vs-crime-gap,50,2
/blog/police-officer-density-vs-crime-gap,75,2
/blog/precipitation-snow-regional-gap,25,2
/blog/precipitation-snow-regional-gap,50,2
/blog/rice-consumption-quantity-ranking,25,2
/category/economy,25,2
/category/economy,50,2
/municipalities/ranking/manufacturing-shipment-amount,50,2
/municipalities/ranking/manufacturing-shipment-amount,75,2
/ranking/annual-sunshine-duration,50,2
/ranking/banana-consumption-quantity,75,2
/ranking/bonito-consumption-quantity,25,2
/ranking/cup-noodles-consumption-expenditure,75,2
/ranking/dining-out-consumption-expenditure,25,2
/ranking/fresh-udon-soba-consumption-quantity,25,2
/ranking/green-beans-consumption-quantity,25,2
/ranking/hamburger-consumption-expenditure,25,2
/ranking/hamburger-consumption-expenditure,50,2
/ranking/home-ownership-rate-kakei,100,2
/ranking/home-ownership-rate-kakei,75,2
/ranking/local-debt-current-ratio,25,2
/ranking/real-public-debt-service-ratio,25,2
/ranking/real-public-debt-service-ratio,50,2
/ranking/rice-consumption-quantity,75,2
/ranking/soba-udon-dining-consumption-expenditure,50,2
/ranking/sports-spectating-consumption-expenditure,25,2
/ranking/taro-consumption-quantity,25,2
/ranking/taro-consumption-quantity,50,2
/ranking/taro-consumption-quantity,75,2
/ranking/tuna-consumption-quantity,25,2
/ranking/tuna-consumption-quantity,50,2
/survey/fishery-aquaculture-production,100,2
/survey/fishery-aquaculture-production,75,2
/themes,50,2
/about,100,1
/about,25,1
/about,50,1
/about,75,1
/areas,75,1
/areas/05000/regional-energy,25,1
/areas/12000/fishery-marine,100,1
/areas/12000/fishery-marine,25,1
/areas/12000/fishery-marine,50,1
/areas/12000/fishery-marine,75,1
/areas/12000/public-assistance,25,1
/areas/12000/public-assistance,50,1
/areas/12000/public-assistance,75,1
/areas/22000,100,1
/areas/22000,25,1
/areas/22000,50,1
/areas/22000,75,1
/areas/23000/public-assistance,25,1
/areas/23000/public-assistance,50,1
/areas/23000/public-assistance,75,1
/areas/25000/forestry-timber,25,1
/areas/27000/local-economy,25,1
/areas/27000/local-economy,50,1
/areas/27000/local-economy,75,1
/areas/39000/occupation-salary,25,1
/areas/39000/occupation-salary,50,1
/areas/41000/local-government-digital,25,1
/areas/41000/local-government-digital,50,1
/blog/abortion-rate-prefecture-gap,25,1
/blog/abortion-rate-prefecture-gap,50,1
/blog/abortion-rate-prefecture-gap,75,1
/blog/academic-achievement-test-prefecture-ranking,50,1
/blog/alcohol-prefecture-map,25,1
/blog/alcohol-prefecture-map,50,1
/blog/alcohol-prefecture-map,75,1
/blog/avg-height-high-school-2nd-male,25,1
/blog/avg-height-high-school-2nd-male,50,1
/blog/avg-height-high-school-2nd-male,75,1
/blog/barber-beauty-salon-regional-gap,25,1
/blog/barber-beauty-salon-regional-gap,50,1
/blog/beer-peak-month-july-to-december,25,1
/blog/beer-peak-month-july-to-december,50,1
/blog/bonito-catch-prefecture,50,1
/blog/campsite-public-vs-road-expressway-length,25,1
/blog/campsite-public-vs-road-expressway-length,50,1
/blog/campsite-public-vs-road-expressway-length,75,1
/blog/chicken-consumption-quantity,(not set),1
/blog/childcare-friendly-prefecture-ranking,50,1
/blog/childcare-friendly-prefecture-ranking,75,1
/blog/convenience-store-density-map,25,1
/blog/dining-out-expenditure-ranking,25,1
/blog/distinctive-place-name-kanji-by-prefecture,100,1
/blog/distinctive-place-name-kanji-by-prefecture,25,1
/blog/distinctive-place-name-kanji-by-prefecture,50,1
/blog/distinctive-place-name-kanji-by-prefecture,75,1
/blog/dual-income-household-ratio-vs-public-assistance-housing,25,1
/blog/farmland-crisis-abandoned-land,100,1
/blog/farmland-crisis-abandoned-land,25,1
/blog/farmland-crisis-abandoned-land,50,1
/blog/farmland-crisis-abandoned-land,75,1
/blog/fish-catch-vs-consumption-prefecture,25,1
/blog/fishery-catch-aquaculture-shift,25,1
/blog/fishery-catch-aquaculture-shift,50,1
/blog/foreign-residents-diversity-map,50,1
/blog/foreign-residents-diversity-map,75,1
/blog/future-burden-ratio-extreme-gap,25,1
/blog/future-burden-ratio-extreme-gap,50,1
/blog/future-burden-ratio-extreme-gap,75,1
/blog/home-ownership-rate-ranking,100,1
/blog/home-ownership-rate-ranking,50,1
/blog/home-ownership-rate-ranking,75,1
/blog/hospital-bed-utilization-map,25,1
/blog/household-consumption-expenditure-ranking,25,1
/blog/household-spending-prefecture-gap,50,1
/blog/household-structure-transformation,100,1
/blog/household-structure-transformation,25,1
/blog/household-structure-transformation,50,1
/blog/household-structure-transformation,75,1
/blog/households-on-public-assistance-per-1000-prefecture-gap,50,1
/blog/households-on-public-assistance-per-1000-prefecture-gap,75,1
/blog/instant-noodles-consumption-prefecture-gap,100,1
/blog/instant-noodles-consumption-prefecture-gap,25,1
/blog/instant-noodles-consumption-prefecture-gap,50,1
/blog/instant-noodles-consumption-prefecture-gap,75,1
/blog/kochi-migration-flow,25,1
/blog/kochi-migration-flow,50,1
/blog/kochi-migration-flow,75,1
/blog/konbu-consumption-prefecture-gap,25,1
/blog/konbu-consumption-prefecture-gap,50,1
/blog/konbu-consumption-prefecture-gap,75,1
/blog/livable-prefecture-composite-ranking,100,1
/blog/municipalities-without-schools,25,1
/blog/municipalities-without-schools,50,1
/blog/noodle-consumption-prefecture-character,100,1
/blog/oita-migration-flow,25,1
/blog/oita-migration-flow,50,1
/blog/oita-migration-flow,75,1
/blog/potato-consumption-quantity,25,1
/blog/potato-consumption-quantity,50,1
/blog/potato-consumption-quantity,75,1
/blog/precipitation-snow-regional-gap,75,1
/blog/price-index-high-low-prefecture,25,1
/blog/price-index-high-low-prefecture,50,1
/blog/railway-station-count-prefecture-gap,25,1
/blog/railway-station-count-prefecture-gap,50,1
/blog/railway-station-count-prefecture-gap,75,1
/blog/rice-consumption-quantity-ranking,50,1
/blog/rice-consumption-quantity-ranking,75,1
/blog/rice-harvest-volume-prefecture-gap,25,1
/blog/roadside-station-count-prefecture-gap,25,1
/blog/roadside-station-count-prefecture-gap,50,1
/blog/roadside-station-count-prefecture-gap,75,1
/blog/soba-udon-dining-consumption-expenditure-prefecture-gap,25,1
/blog/soba-udon-dining-consumption-expenditure-prefecture-gap,50,1
/blog/soba-udon-dining-consumption-expenditure-prefecture-gap,75,1
/blog/sports-urban-paradox,25,1
/blog/suicide-rate-aging-nexus,25,1
/blog/suicide-rate-aging-nexus,50,1
/blog/suicide-rate-aging-nexus,75,1
/blog/tuna-consumption-quantity-vs-sex-ratio-total,25,1
/blog/tuna-consumption-quantity-vs-sex-ratio-total,50,1
/blog/tuna-consumption-quantity-vs-sex-ratio-total,75,1
/blog/unemployment-structure,25,1
/blog/water-sewage-crisis,25,1
/blog/water-sewage-crisis,50,1
/blog/wind-power-capacity-prefecture-gap,25,1
/blog/wind-power-capacity-prefecture-gap,50,1
/category/administrativefinancial,25,1
/category/administrativefinancial,50,1
/category/agriculture,75,1
/category/commercial,25,1
/category/commercial,50,1
/category/commercial,75,1
/category/construction,25,1
/category/construction,50,1
/category/economy,75,1
/category/educationsports,25,1
/category/educationsports,50,1
/category/educationsports,75,1
/category/energy,25,1
/category/energy,50,1
/category/energy,75,1
/category/ict,25,1
/category/ict,50,1
/category/ict,75,1
/category/international,25,1
/category/international,50,1
/category/international,75,1
/category/laborwage,25,1
/category/laborwage,50,1
/category/laborwage,75,1
/category/safetyenvironment,25,1
/category/safetyenvironment,50,1
/category/safetyenvironment,75,1
/category/socialsecurity,25,1
/category/socialsecurity,50,1
/category/socialsecurity,75,1
/category/tourism,25,1
/category/tourism,50,1
/category/tourism,75,1
/municipalities/ranking/divorces,25,1
/ranking,25,1
/ranking/annual-sunshine-duration,100,1
/ranking/annual-sunshine-duration,75,1
/ranking/apple-consumption-quantity,50,1
/ranking/aquaculture-harvest,25,1
/ranking/aquaculture-harvest,50,1
/ranking/aquaculture-harvest,75,1
/ranking/average-age-of-first-marriage-wife,100,1
/ranking/average-age-of-first-marriage-wife,25,1
/ranking/average-age-of-first-marriage-wife,50,1
/ranking/average-age-of-first-marriage-wife,75,1
/ranking/average-weight-middle-school-second-grade-male,100,1
/ranking/average-weight-middle-school-second-grade-male,25,1
/ranking/average-weight-middle-school-second-grade-male,50,1
/ranking/average-weight-middle-school-second-grade-male,75,1
/ranking/avg-height-high-school-2nd-male,75,1
/ranking/banana-consumption-quantity,100,1
/ranking/bonito-consumption-quantity,50,1
/ranking/bonito-consumption-quantity,75,1
/ranking/coffee-consumption-quantity,25,1
/ranking/convenience-store-count-commercial,25,1
/ranking/cup-noodles-consumption-quantity,100,1
/ranking/cup-noodles-consumption-quantity,25,1
/ranking/cup-noodles-consumption-quantity,50,1
/ranking/cup-noodles-consumption-quantity,75,1
/ranking/dairy-cattle-count,25,1
/ranking/designated-difficult-disease,25,1
/ranking/designated-difficult-disease,50,1
/ranking/designated-difficult-disease,75,1
/ranking/dining-out-consumption-expenditure,100,1
/ranking/dining-out-consumption-expenditure,50,1
/ranking/dining-out-consumption-expenditure,75,1
/ranking/dried-udon-soba-consumption-quantity,25,1
/ranking/dual-income-household-ratio,100,1
/ranking/dual-income-household-ratio,25,1
/ranking/dual-income-household-ratio,50,1
/ranking/dual-income-household-ratio,75,1
/ranking/engel-coefficient,25,1
/ranking/fishery-species-catch-bonito,25,1
/ranking/fishery-species-catch-pacific-saury,25,1
/ranking/fishery-species-catch-pacific-saury,50,1
/ranking/fishery-species-catch-pacific-saury,75,1
/ranking/fishery-workers,25,1
/ranking/future-burden-ratio,25,1
/ranking/general-hospital-bed-occupancy-rate,25,1
/ranking/green-beans-consumption-quantity,50,1
/ranking/green-beans-consumption-quantity,75,1
/ranking/health-checkup-breakfast-skipping-rate,100,1
/ranking/health-checkup-breakfast-skipping-rate,25,1
/ranking/health-checkup-breakfast-skipping-rate,50,1
/ranking/health-checkup-breakfast-skipping-rate,75,1
/ranking/high-school-teacher-annual-income,25,1
/ranking/high-school-teacher-annual-income,50,1
/ranking/high-school-teacher-annual-income,75,1
/ranking/icecream-consumption-expenditure,100,1
/ranking/icecream-consumption-expenditure,75,1
/ranking/inpatient-rate-per-100k,25,1
/ranking/inpatient-rate-per-100k,50,1
/ranking/katsuobushi-consumption-quantity,25,1
/ranking/local-allocation-tax-prefecture,25,1
/ranking/local-debt-current-ratio,50,1
/ranking/marriages-per-total-population,100,1
/ranking/marriages-per-total-population,25,1
/ranking/marriages-per-total-population,50,1
/ranking/marriages-per-total-population,75,1
/ranking/miso-consumption-quantity,25,1
/ranking/natto-consumption-expenditure,25,1
/ranking/natto-consumption-expenditure,50,1
/ranking/natural-disaster-missing-persons,25,1
/ranking/new-condo-starts,25,1
/ranking/new-condo-starts,50,1
/ranking/other-bread-consumption-quantity,25,1
/ranking/other-bread-consumption-quantity,50,1
/ranking/other-bread-consumption-quantity,75,1
/ranking/other-grains-consumption-quantity,100,1
/ranking/other-grains-consumption-quantity,25,1
/ranking/other-grains-consumption-quantity,50,1
/ranking/other-grains-consumption-quantity,75,1
/ranking/other-mushroom-consumption-quantity,25,1
/ranking/other-mushroom-consumption-quantity,50,1
/ranking/other-mushroom-consumption-quantity,75,1
/ranking/owner-occupied-housing-ratio,25,1
/ranking/pachinko-shop-density-per-10k,25,1
/ranking/per-capita-police-expenditure-pref-municipal,25,1
/ranking/per-capita-police-expenditure-pref-municipal,50,1
/ranking/physical-therapist-annual-income,25,1
/ranking/physical-therapist-annual-income,50,1
/ranking/pickled-plum-consumption-quantity,25,1
/ranking/pig-count,25,1
/ranking/pork-consumption-quantity,25,1
/ranking/psychiatric-bed-count,25,1
/ranking/railway-station-count,25,1
/ranking/railway-station-count,50,1
/ranking/real-public-debt-service-ratio,100,1
/ranking/real-public-debt-service-ratio,75,1
/ranking/rice-consumption-expenditure,25,1
/ranking/rice-consumption-expenditure,50,1
/ranking/rice-consumption-expenditure,75,1
/ranking/rice-consumption-quantity,100,1
/ranking/sawmill-count,25,1
/ranking/school-teacher-annual-income,50,1
/ranking/single-mother-employment-rate,100,1
/ranking/single-mother-employment-rate,25,1
/ranking/single-mother-employment-rate,50,1
/ranking/single-mother-employment-rate,75,1
/ranking/small-scale-farm-households,100,1
/ranking/small-scale-farm-households,25,1
/ranking/small-scale-farm-households,50,1
/ranking/small-scale-farm-households,75,1
/ranking/social-increase,25,1
/ranking/sports-spectating-consumption-expenditure,100,1
/ranking/sports-spectating-consumption-expenditure,50,1
/ranking/sports-spectating-consumption-expenditure,75,1
/ranking/starting-salary-university,25,1
/ranking/stillbirth-rate,25,1
/ranking/taro-consumption-quantity,100,1
/ranking/tennis-court-public,25,1
/ranking/tennis-court-public,50,1
/ranking/treatment-rate-hypertension-outpatient,25,1
/ranking/tuna-consumption-expenditure,25,1
/ranking/tuna-consumption-quantity,100,1
/ranking/tuna-consumption-quantity,75,1
/ranking/vacant-housing-ratio,25,1
/ranking/vacant-housing-ratio,50,1
/ranking/vacant-housing-ratio,75,1
/ranking/white-bread-consumption-quantity,25,1
/search,50,1
/survey/health-insurance-society-annual-report,25,1
/survey/prefectural-energy-consumption-statistics,100,1
/survey/prefectural-energy-consumption-statistics,25,1
/survey/prefectural-energy-consumption-statistics,50,1
/survey/prefectural-energy-consumption-statistics,75,1
/themes,75,1
/themes/aging-society,25,1
/themes/aging-society,50,1
/themes/business-demography,25,1
/themes/business-demography,50,1
/themes/single-parent-households,25,1
