日付,該当ページ
2026-01-24,75
2026-01-25,66
2026-01-26,66
2026-01-27,66
2026-01-28,62
2026-01-29,62
2026-01-30,62
2026-01-31,62
2026-02-01,59
2026-02-02,59
2026-02-03,59
2026-02-04,36
2026-02-05,36
2026-02-06,36
2026-02-07,36
2026-02-08,31
2026-02-09,31
2026-02-10,31
2026-02-11,28
2026-02-12,28
2026-02-13,28
2026-02-14,28
2026-02-15,34
2026-02-16,34
2026-02-17,34
2026-02-18,48
2026-02-19,48
2026-02-20,48
2026-02-21,48
2026-02-22,58
2026-02-23,58
2026-02-24,58
2026-02-25,51
2026-02-26,51
2026-02-27,51
2026-02-28,51
2026-03-01,51
2026-03-02,51
2026-03-03,51
2026-03-04,51
2026-03-05,51
2026-03-06,51
2026-03-07,51
2026-03-08,473
2026-03-09,473
2026-03-10,473
2026-03-11,1541
2026-03-12,1541
2026-03-13,1541
2026-03-14,1541
2026-03-15,1541
2026-03-16,1620
2026-03-17,1620
2026-03-18,1855
2026-03-19,1855
2026-03-20,1855
2026-03-21,1855
2026-03-22,2020
2026-03-23,2020
2026-03-24,2020
2026-03-25,2102
2026-03-26,2102
2026-03-27,2102
2026-03-28,2102
2026-03-29,2158
2026-03-30,2158
2026-03-31,2158
2026-04-01,2255
2026-04-02,2255
2026-04-03,2255
2026-04-04,2255
2026-04-05,2282
2026-04-06,2282
2026-04-07,2308
2026-04-08,2308
2026-04-09,2308
2026-04-10,2308
2026-04-11,2305
2026-04-12,2305
2026-04-13,2305
2026-04-14,2303
2026-04-15,2303
2026-04-16,2303
2026-04-17,2303