date,d1_databases,d1_read_queries,d1_rows_read,d1_write_queries,d1_rows_written,workers_requests,workers_errors,workers_subrequests,r2_class_a_ops,r2_class_b_ops,r2_egress_mb,r2_storage_gb,r2_objects
2026-09-08,0,0,0,0,0,70298,0,1810,11152,185447,57876,26.268,79825
2026-09-09,0,0,0,0,0,71866,0,608,7892,190853,66315,26.305,80043
2026-09-10,0,0,0,0,0,80924,0,1731,9005,277189,64229,30.192,84302
2026-09-11,0,0,0,0,0,122768,142,1021,10065,336374,63786,29.852,82632
2026-09-12,0,0,0,0,0,67207,123,543,9682,279017,49400,32.179,100849
2026-09-13,0,0,0,0,0,96601,632,1610,27152,470812,68533,32.260,101521
2026-09-14,0,0,0,0,0,94328,1075,1265,7553,228700,54181,32.303,101734
2026-09-15,0,0,0,0,0,124832,1691,1151,8226,616417,99913,33.034,111412
2026-09-16,0,0,0,0,0,105025,1801,1757,16995,283741,64224,33.076,112001
2026-09-17,0,0,0,0,0,123028,89,2812,9287,372630,71733,32.815,110571
2026-09-18,0,0,0,0,0,110908,117,1974,7610,301148,53649,32.876,111101
2026-09-19,0,0,0,0,0,94541,40,1182,8715,407873,55575,32.917,110907
2026-09-20,0,0,0,0,0,92999,25,2029,7718,262040,46473,32.952,111098
2026-09-21,0,0,0,0,0,84223,88,1440,7019,290709,49518,32.872,110484
2026-09-22,0,0,0,0,0,69848,82,1408,5463,235003,45707,32.993,111510
2026-09-23,0,0,0,0,0,138466,133,1572,15308,652008,117461,33.156,111936
2026-09-24,0,0,0,0,0,117560,103,1691,18077,548557,112440,33.066,111682
2026-09-25,0,0,0,0,0,116089,70,233,7782,398066,91467,33.079,111507
2026-09-26,0,0,0,0,0,97647,185,50,11291,442798,86233,33.368,112652
2026-09-27,0,0,0,0,0,86174,256,70,21434,687463,109911,33.310,111989
2026-09-28,0,0,0,0,0,91961,124,51,7267,348636,87338,33.084,112177
2026-09-29,0,0,0,0,0,93413,116,49,10170,325802,79628,33.356,115096
2026-09-30,0,0,0,0,0,117173,142,67,64579,716391,124624,33.174,114560
2026-10-01,0,0,0,0,0,91109,124,47,24218,585086,109641,33.258,115111
2026-10-02,0,0,0,0,0,80902,102,47,19559,358660,70106,33.338,115281
2026-10-03,0,0,0,0,0,115250,208,41,19043,455150,79503,33.386,115955
2026-10-04,0,0,0,0,0,67880,65,33,3888,192885,41814,33.399,115640
2026-10-05,0,0,0,0,0,108063,104,54,34831,469975,88343,33.592,116619
2026-10-06,0,0,0,0,0,103583,206,55,39490,1139598,199778,33.587,116829
2026-10-07,0,0,0,0,0,106021,194,64,70285,881513,169098,33.896,118333
2026-10-08,0,0,0,0,0,120617,166,122,99666,1330642,188895,33.724,118576
