date,template,urls,errors,warnings
2026-09-23,home,1,1,3
2026-09-23,ranking,2170,679,2765
2026-09-23,prefecture-list,1,0,0
2026-09-23,theme,56,32,32
2026-09-23,geo-analysis,71,54,6
2026-09-23,other,307,3,42
2026-09-23,prefecture-detail,2491,1456,1328
2026-09-23,blog,606,606,112
2026-09-23,category,17,11,10
2026-09-23,survey,148,58,91
2026-09-23,municipality,361,1,1
2026-09-24,home,1,1,3
2026-09-24,ranking,2170,673,2771
2026-09-24,prefecture-list,1,0,1
2026-09-24,theme,56,32,32
2026-09-24,geo-analysis,71,54,6
2026-09-24,other,307,3,42
2026-09-24,prefecture-detail,2491,1458,1328
2026-09-24,blog,606,606,112
2026-09-24,category,17,11,10
2026-09-24,survey,148,58,91
2026-09-24,municipality,361,0,1
2026-09-26,home,1,1,1
2026-09-26,ranking,2409,888,2879
2026-09-26,prefecture-list,1,0,1
2026-09-26,theme,56,33,34
2026-09-26,geo-analysis,71,57,13
2026-09-26,other,307,3,50
2026-09-26,prefecture-detail,2491,1521,1313
2026-09-26,blog,1,1,1
2026-09-26,blog-article,605,605,225
2026-09-26,category,17,12,12
2026-09-26,survey,148,58,92
2026-09-26,municipality,361,0,3
2026-10-03,home,1,1,1
2026-10-03,ranking,2412,869,4845
2026-10-03,prefecture-list,1,0,1
2026-10-03,theme,56,33,42
2026-10-03,geo-analysis,71,54,26
2026-10-03,other,308,3,86
2026-10-03,prefecture-detail,2491,1512,2445
2026-10-03,blog,1,1,2
2026-10-03,blog-article,608,608,309
2026-10-03,category,17,10,18
2026-10-03,survey,148,58,107
2026-10-03,municipality,361,0,3
2026-10-10,home,1,1,3
2026-10-10,ranking,2457,861,3573
2026-10-10,prefecture-list,1,0,0
2026-10-10,theme,57,36,37
2026-10-10,geo-analysis,72,57,13
2026-10-10,other,310,4,88
2026-10-10,prefecture-detail,2538,1642,1432
2026-10-10,blog,1,1,1
2026-10-10,blog-article,607,608,264
2026-10-10,category,17,10,16
2026-10-10,survey,150,62,97
2026-10-10,municipality,361,1,4
